{
    "len_A": 6,
    "len_B": 7,
    "coupled_A": 2,
    "coupled_B": 1,
    "covered_A_percent": 30.76923076923077,
    "covered_B_percent": 46.15384615384615,
    "covered_both_percent": 23.07692307692308,
    "The climate, big forgotten of the presidential campaign": {
        "Ukraine war could last to end of next year - Johnson": {
            "are_similar": true,
            "similar_concepts_number": 1,
            "polarity_X": 0.03333333333333333,
            "subjectivity_X": 0.1412698412698413,
            "polarity_Y": 0.0,
            "subjectivity_Y": 0.011111111111111112,
            "simil_concepts": [
                "war"
            ]
        },
        "Attack kills scores during prayers at Afghan mosque": {
            "are_similar": false,
            "similar_concepts_number": 3,
            "polarity_X": 0.03333333333333333,
            "subjectivity_X": 0.1412698412698413,
            "polarity_Y": 0.004019360269360269,
            "subjectivity_Y": 0.11795033670033671,
            "simil_concepts": [
                "campaign",
                "power",
                "security"
            ]
        },
        "Images suggest mass graves dug near Mariupol": {
            "are_similar": false,
            "similar_concepts_number": 2,
            "polarity_X": 0.03333333333333333,
            "subjectivity_X": 0.1412698412698413,
            "polarity_Y": 0.06299981380626542,
            "subjectivity_Y": 0.2396930130801099,
            "simil_concepts": [
                "power",
                "Ukraine"
            ]
        },
        "Russia 'seeks full control' of southern Ukraine": {
            "are_similar": false,
            "similar_concepts_number": 3,
            "polarity_X": 0.03333333333333333,
            "subjectivity_X": 0.1412698412698413,
            "polarity_Y": 0.03906249999999999,
            "subjectivity_Y": 0.19937996031746033,
            "simil_concepts": [
                "power",
                "war",
                "Ukraine"
            ]
        },
        "How has Moscow changed with war in Ukraine?": {
            "are_similar": false,
            "similar_concepts_number": 4,
            "polarity_X": 0.03333333333333333,
            "subjectivity_X": 0.1412698412698413,
            "polarity_Y": 0.010962742504409166,
            "subjectivity_Y": 0.11849162257495595,
            "simil_concepts": [
                "place",
                "power",
                "war",
                "Ukraine"
            ]
        },
        "Mike Tyson punched passenger 'after bottle thrown'": {
            "are_similar": false,
            "similar_concepts_number": 1,
            "polarity_X": 0.03333333333333333,
            "subjectivity_X": 0.1412698412698413,
            "polarity_Y": 0.04273504273504274,
            "subjectivity_Y": 0.17264957264957267,
            "simil_concepts": [
                "power"
            ]
        },
        "Mariupol: 'We have wounded and dead inside the bunkers'": {
            "are_similar": false,
            "similar_concepts_number": 3,
            "polarity_X": 0.03333333333333333,
            "subjectivity_X": 0.1412698412698413,
            "polarity_Y": -0.03516313932980601,
            "subjectivity_Y": 0.267989417989418,
            "simil_concepts": [
                "power",
                "war",
                "Ukraine"
            ]
        }
    },
    "India: the challenge of access to drinking water for all": {
        "Ukraine war could last to end of next year - Johnson": {
            "are_similar": false,
            "similar_concepts_number": 0,
            "polarity_X": -0.033333333333333326,
            "subjectivity_X": 0.30833333333333335,
            "polarity_Y": 0.0,
            "subjectivity_Y": 0.011111111111111112,
            "simil_concepts": []
        },
        "Attack kills scores during prayers at Afghan mosque": {
            "are_similar": false,
            "similar_concepts_number": 2,
            "polarity_X": -0.033333333333333326,
            "subjectivity_X": 0.30833333333333335,
            "polarity_Y": 0.004019360269360269,
            "subjectivity_Y": 0.11795033670033671,
            "simil_concepts": [
                "challenge",
                "years"
            ]
        },
        "Images suggest mass graves dug near Mariupol": {
            "are_similar": false,
            "similar_concepts_number": 1,
            "polarity_X": -0.033333333333333326,
            "subjectivity_X": 0.30833333333333335,
            "polarity_Y": 0.06299981380626542,
            "subjectivity_Y": 0.2396930130801099,
            "simil_concepts": [
                "Minister"
            ]
        },
        "Russia 'seeks full control' of southern Ukraine": {
            "are_similar": false,
            "similar_concepts_number": 1,
            "polarity_X": -0.033333333333333326,
            "subjectivity_X": 0.30833333333333335,
            "polarity_Y": 0.03906249999999999,
            "subjectivity_Y": 0.19937996031746033,
            "simil_concepts": [
                "population"
            ]
        },
        "How has Moscow changed with war in Ukraine?": {
            "are_similar": false,
            "similar_concepts_number": 3,
            "polarity_X": -0.033333333333333326,
            "subjectivity_X": 0.30833333333333335,
            "polarity_Y": 0.010962742504409166,
            "subjectivity_Y": 0.11849162257495595,
            "simil_concepts": [
                "world",
                "years",
                "news"
            ]
        },
        "Mike Tyson punched passenger 'after bottle thrown'": {
            "are_similar": false,
            "similar_concepts_number": 2,
            "polarity_X": -0.033333333333333326,
            "subjectivity_X": 0.30833333333333335,
            "polarity_Y": 0.04273504273504274,
            "subjectivity_Y": 0.17264957264957267,
            "simil_concepts": [
                "water",
                "years"
            ]
        },
        "Mariupol: 'We have wounded and dead inside the bunkers'": {
            "are_similar": false,
            "similar_concepts_number": 1,
            "polarity_X": -0.033333333333333326,
            "subjectivity_X": 0.30833333333333335,
            "polarity_Y": -0.03516313932980601,
            "subjectivity_Y": 0.267989417989418,
            "simil_concepts": [
                "world"
            ]
        }
    },
    "L'actu en dessin : le Giec Alert sur le climat ? So you have to \"suppress the Giec\"": {
        "Ukraine war could last to end of next year - Johnson": {
            "are_similar": false,
            "similar_concepts_number": 0,
            "polarity_X": -0.17062413349178054,
            "subjectivity_X": 0.3246300540418187,
            "polarity_Y": 0.0,
            "subjectivity_Y": 0.011111111111111112,
            "simil_concepts": []
        },
        "Attack kills scores during prayers at Afghan mosque": {
            "are_similar": false,
            "similar_concepts_number": 3,
            "polarity_X": -0.17062413349178054,
            "subjectivity_X": 0.3246300540418187,
            "polarity_Y": 0.004019360269360269,
            "subjectivity_Y": 0.11795033670033671,
            "simil_concepts": [
                "years",
                "group",
                "people"
            ]
        },
        "Images suggest mass graves dug near Mariupol": {
            "are_similar": false,
            "similar_concepts_number": 0,
            "polarity_X": -0.17062413349178054,
            "subjectivity_X": 0.3246300540418187,
            "polarity_Y": 0.06299981380626542,
            "subjectivity_Y": 0.2396930130801099,
            "simil_concepts": []
        },
        "Russia 'seeks full control' of southern Ukraine": {
            "are_similar": false,
            "similar_concepts_number": 1,
            "polarity_X": -0.17062413349178054,