{
    "len_A": 9,
    "len_B": 5,
    "coupled_A": 0,
    "coupled_B": 0,
    "covered_A_percent": 64.28571428571429,
    "covered_B_percent": 35.714285714285715,
    "covered_both_percent": 0.0,
    "A drought in winter": {
        "Mariupol: 'We have wounded and dead inside the bunkers'": {
            "are_similar": false,
            "similarity_percentage": 60.18832793492535,
            "polarity_X": 0.1569404310966811,
            "subjectivity_X": 0.26450481000481,
            "polarity_Y": -0.025849917081260373,
            "subjectivity_Y": 0.2654228855721393,
            "simil_concepts": []
        },
        "Images suggest mass graves dug near Mariupol": {
            "are_similar": false,
            "similarity_percentage": 57.897352993761466,
            "polarity_X": 0.1569404310966811,
            "subjectivity_X": 0.26450481000481,
            "polarity_Y": 0.07786332714904144,
            "subjectivity_Y": 0.23801381158524015,
            "simil_concepts": []
        },
        "Honduran ex-leader flown to US on drug charges": {
            "are_similar": false,
            "similarity_percentage": 62.68812681375186,
            "polarity_X": 0.1569404310966811,
            "subjectivity_X": 0.26450481000481,
            "polarity_Y": 0.0022937710437710424,
            "subjectivity_Y": 0.13673540965207634,
            "simil_concepts": []
        },
        "Ukraine round-up: Putin backs off Mariupol storming": {
            "are_similar": false,
            "similarity_percentage": 61.43492668784908,
            "polarity_X": 0.1569404310966811,
            "subjectivity_X": 0.26450481000481,
            "polarity_Y": -0.005658436213991774,
            "subjectivity_Y": 0.1036008230452675,
            "simil_concepts": []
        },
        "Shanghai escalates Covid lockdown restrictions": {
            "are_similar": false,
            "similarity_percentage": 63.496575775507736,
            "polarity_X": 0.1569404310966811,
            "subjectivity_X": 0.26450481000481,
            "polarity_Y": 0.0006459948320413552,
            "subjectivity_Y": 0.16098191214470284,
            "simil_concepts": []
        }
    },
    "Renewable energy: Austria at the top of the fight in Europe for green electricity": {
        "Mariupol: 'We have wounded and dead inside the bunkers'": {
            "are_similar": false,
            "similarity_percentage": 19.459059941357363,
            "polarity_X": 0.0886111111111111,
            "subjectivity_X": 0.32888888888888895,
            "polarity_Y": -0.025849917081260373,
            "subjectivity_Y": 0.2654228855721393,
            "simil_concepts": []
        },
        "Images suggest mass graves dug near Mariupol": {
            "are_similar": false,
            "similarity_percentage": 24.631763008799666,
            "polarity_X": 0.0886111111111111,
            "subjectivity_X": 0.32888888888888895,
            "polarity_Y": 0.07786332714904144,
            "subjectivity_Y": 0.23801381158524015,
            "simil_concepts": []
        },
        "Honduran ex-leader flown to US on drug charges": {
            "are_similar": false,
            "similarity_percentage": 28.08476625528199,
            "polarity_X": 0.0886111111111111,
            "subjectivity_X": 0.32888888888888895,
            "polarity_Y": 0.0022937710437710424,
            "subjectivity_Y": 0.13673540965207634,
            "simil_concepts": []
        },
        "Ukraine round-up: Putin backs off Mariupol storming": {
            "are_similar": false,
            "similarity_percentage": 24.947322925645008,
            "polarity_X": 0.0886111111111111,
            "subjectivity_X": 0.32888888888888895,
            "polarity_Y": -0.005658436213991774,
            "subjectivity_Y": 0.1036008230452675,
            "simil_concepts": []
        },
        "Shanghai escalates Covid lockdown restrictions": {
            "are_similar": false,
            "similarity_percentage": 26.938307404650146,
            "polarity_X": 0.0886111111111111,
            "subjectivity_X": 0.32888888888888895,
            "polarity_Y": 0.0006459948320413552,
            "subjectivity_Y": 0.16098191214470284,
            "simil_concepts": []
        }
    },
    "Cyril Dion, writer: \"The ecological question is the great cause of the twenty-first century\"": {
        "Mariupol: 'We have wounded and dead inside the bunkers'": {
            "are_similar": false,
            "similarity_percentage": 0,
            "polarity_X": 0.2733333333333334,
            "subjectivity_X": 0.3583333333333334,
            "polarity_Y": -0.025849917081260373,
            "subjectivity_Y": 0.2654228855721393,
            "simil_concepts": []
        },
        "Images suggest mass graves dug near Mariupol": {
            "are_similar": false,
            "similarity_percentage": 0,
            "polarity_X": 0.2733333333333334,
            "subjectivity_X": 0.3583333333333334,
            "polarity_Y": 0.07786332714904144,
            "subjectivity_Y": 0.23801381158524015,
            "simil_concepts": []
        },
        "Honduran ex-leader flown to US on drug charges": {
            "are_similar": false,
            "similarity_percentage": 0,
            "polarity_X": 0.2733333333333334,
            "subjectivity_X": 0.3583333333333334,
            "polarity_Y": 0.0022937710437710424,
            "subjectivity_Y": 0.13673540965207634,
            "simil_concepts": []
        },
        "Ukraine round-up: Putin backs off Mariupol storming": {
            "are_similar": false,
            "similarity_percentage": 0,
            "polarity_X": 0.2733333333333334,
            "subjectivity_X": 0.3583333333333334,
            "polarity_Y": -0.005658436213991774,
            "subjectivity_Y": 0.1036008230452675,
            "simil_concepts": []
        },
        "Shanghai escalates Covid lockdown restrictions": {
            "are_similar": false,
            "similarity_percentage": 0,
            "polarity_X": 0.2733333333333334,
            "subjectivity_X": 0.3583333333333334,
            "polarity_Y": 0.0006459948320413552,
            "subjectivity_Y": 0.16098191214470284,
            "simil_concepts": []
        }
    },
    "India: the challenge of access to drinking water for all": {
        "Mariupol: 'We have wounded and dead inside the bunkers'": {
            "are_similar": false,
            "similarity_percentage": 19.459059941357363,
            "polarity_X": -0.033333333333333326,
            "subjectivity_X": 0.30833333333333335,
            "polarity_Y": -0.025849917081260373,
            "subjectivity_Y": 0.2654228855721393,
            "simil_concepts": []
        },
        "Images suggest mass graves dug near Mariupol": {
            "are_similar": false,
            "similarity_percentage": 24.631763008799666,
            "polarity_X": -0.033333333333333326,
            "subjectivity_X": 0.30833333333333335,
            "polarity_Y": 0.07786332714904144,
            "subjectivity_Y": 0.23801381158524015,
            "simil_concepts": []
        },
        "Honduran ex-leader flown to US on drug charges": {
            "are_similar": false,
            "similarity_percentage": 28.08476625528199,
            "polarity_X": -0.033333333333333326,
            "subjectivity_X": 0.30833333333333335,
            "polarity_Y": 0.0022937710437710424,
            "subjectivity_Y": 0.13673540965207634,
            "simil_concepts": []
        },
        "Ukraine round-up: Putin backs off Mariupol storming": {
            "are_similar": false,
            "similarity_percentage": 24.947322925645008,
            "polarity_X": -0.033333333333333326,
            "subjectivity_X": 0.30833333333333335,
            "polarity_Y": -0.005658436213991774,
            "subjectivity_Y": 0.1036008230452675,
            "simil_concepts": []
        },
        "Shanghai escalates Covid lockdown restrictions": {
            "are_similar": false,