{
    "len_A": 8,
    "len_B": 6,
    "coupled_A": 0,
    "coupled_B": 0,
    "covered_A_percent": 57.14285714285714,
    "covered_B_percent": 42.857142857142854,
    "covered_both_percent": 0.0,
    "Vanessa Nakate: \"The rich and responsible countries must pay for the climate crisis\"": {
        "Honduran ex-leader flown to US on drug charges": {
            "are_similar": false,
            "similarity_percentage": 61.810766825529704,
            "polarity_X": 0.07267676767676766,
            "subjectivity_X": 0.44409090909090915,
            "polarity_Y": 0.0022937710437710424,
            "subjectivity_Y": 0.13673540965207634,
            "simil_concepts": []
        },
        "Russian gains in east only temporary - Zelensky": {
            "are_similar": false,
            "similarity_percentage": 0,
            "polarity_X": 0.07267676767676766,
            "subjectivity_X": 0.44409090909090915,
            "polarity_Y": 0.0,
            "subjectivity_Y": 0.16666666666666666,
            "simil_concepts": []
        },
        "Images suggest mass graves dug near Mariupol": {
            "are_similar": false,
            "similarity_percentage": 58.91556812082865,
            "polarity_X": 0.07267676767676766,
            "subjectivity_X": 0.44409090909090915,
            "polarity_Y": 0.07786332714904144,
            "subjectivity_Y": 0.23801381158524015,
            "simil_concepts": []
        },
        "Ukraine round-up: Putin backs off Mariupol storming": {
            "are_similar": false,
            "similarity_percentage": 55.988144736969325,
            "polarity_X": 0.07267676767676766,
            "subjectivity_X": 0.44409090909090915,
            "polarity_Y": -0.005658436213991774,
            "subjectivity_Y": 0.1036008230452675,
            "simil_concepts": []
        },
        "Mariupol: 'We have wounded and dead inside the bunkers'": {
            "are_similar": false,
            "similarity_percentage": 48.641828244656054,
            "polarity_X": 0.07267676767676766,
            "subjectivity_X": 0.44409090909090915,
            "polarity_Y": -0.025849917081260373,
            "subjectivity_Y": 0.2654228855721393,
            "simil_concepts": []
        },
        "Shanghai escalates Covid lockdown restrictions": {
            "are_similar": false,
            "similarity_percentage": 52.941237625567794,
            "polarity_X": 0.07267676767676766,
            "subjectivity_X": 0.44409090909090915,
            "polarity_Y": 0.0006459948320413552,
            "subjectivity_Y": 0.16098191214470284,
            "simil_concepts": []
        }
    },
    "The climate, big forgotten of the presidential campaign": {
        "Honduran ex-leader flown to US on drug charges": {
            "are_similar": false,
            "similarity_percentage": 0,
            "polarity_X": 0.03333333333333333,
            "subjectivity_X": 0.1412698412698413,
            "polarity_Y": 0.0022937710437710424,
            "subjectivity_Y": 0.13673540965207634,
            "simil_concepts": []
        },
        "Russian gains in east only temporary - Zelensky": {
            "are_similar": false,
            "similarity_percentage": 0,
            "polarity_X": 0.03333333333333333,
            "subjectivity_X": 0.1412698412698413,
            "polarity_Y": 0.0,
            "subjectivity_Y": 0.16666666666666666,
            "simil_concepts": []
        },
        "Images suggest mass graves dug near Mariupol": {
            "are_similar": false,
            "similarity_percentage": 0,
            "polarity_X": 0.03333333333333333,
            "subjectivity_X": 0.1412698412698413,
            "polarity_Y": 0.07786332714904144,
            "subjectivity_Y": 0.23801381158524015,
            "simil_concepts": []
        },
        "Ukraine round-up: Putin backs off Mariupol storming": {
            "are_similar": false,
            "similarity_percentage": 0,
            "polarity_X": 0.03333333333333333,
            "subjectivity_X": 0.1412698412698413,
            "polarity_Y": -0.005658436213991774,
            "subjectivity_Y": 0.1036008230452675,
            "simil_concepts": []
        },
        "Mariupol: 'We have wounded and dead inside the bunkers'": {
            "are_similar": false,
            "similarity_percentage": 0,
            "polarity_X": 0.03333333333333333,
            "subjectivity_X": 0.1412698412698413,
            "polarity_Y": -0.025849917081260373,
            "subjectivity_Y": 0.2654228855721393,
            "simil_concepts": []
        },
        "Shanghai escalates Covid lockdown restrictions": {
            "are_similar": false,
            "similarity_percentage": 0,
            "polarity_X": 0.03333333333333333,
            "subjectivity_X": 0.1412698412698413,
            "polarity_Y": 0.0006459948320413552,
            "subjectivity_Y": 0.16098191214470284,
            "simil_concepts": []
        }
    },
    "India: the challenge of access to drinking water for all": {
        "Honduran ex-leader flown to US on drug charges": {
            "are_similar": false,
            "similarity_percentage": 28.08476625528199,
            "polarity_X": -0.033333333333333326,
            "subjectivity_X": 0.30833333333333335,
            "polarity_Y": 0.0022937710437710424,
            "subjectivity_Y": 0.13673540965207634,
            "simil_concepts": []
        },
        "Russian gains in east only temporary - Zelensky": {
            "are_similar": false,
            "similarity_percentage": 0,
            "polarity_X": -0.033333333333333326,
            "subjectivity_X": 0.30833333333333335,
            "polarity_Y": 0.0,
            "subjectivity_Y": 0.16666666666666666,
            "simil_concepts": []
        },
        "Images suggest mass graves dug near Mariupol": {
            "are_similar": false,
            "similarity_percentage": 24.631763008799666,
            "polarity_X": -0.033333333333333326,
            "subjectivity_X": 0.30833333333333335,
            "polarity_Y": 0.07786332714904144,
            "subjectivity_Y": 0.23801381158524015,
            "simil_concepts": []
        },
        "Ukraine round-up: Putin backs off Mariupol storming": {
            "are_similar": false,
            "similarity_percentage": 24.947322925645008,
            "polarity_X": -0.033333333333333326,
            "subjectivity_X": 0.30833333333333335,
            "polarity_Y": -0.005658436213991774,
            "subjectivity_Y": 0.1036008230452675,
            "simil_concepts": []
        },
        "Mariupol: 'We have wounded and dead inside the bunkers'": {
            "are_similar": false,
            "similarity_percentage": 19.459059941357363,
            "polarity_X": -0.033333333333333326,
            "subjectivity_X": 0.30833333333333335,
            "polarity_Y": -0.025849917081260373,
            "subjectivity_Y": 0.2654228855721393,
            "simil_concepts": []
        },
        "Shanghai escalates Covid lockdown restrictions": {
            "are_similar": false,
            "similarity_percentage": 26.938307404650146,
            "polarity_X": -0.033333333333333326,
            "subjectivity_X": 0.30833333333333335,
            "polarity_Y": 0.0006459948320413552,
            "subjectivity_Y": 0.16098191214470284,
            "simil_concepts": []
        }
    },
    "World Water Forum in Senegal: only one in four Africans has access to drinking water": {
        "Honduran ex-leader flown to US on drug charges": {
            "are_similar": false,
            "similarity_percentage": 57.30046019280526,
            "polarity_X": 0.13472222222222222,
            "subjectivity_X": 0.6429292929292929,
            "polarity_Y": 0.0022937710437710424,
            "subjectivity_Y": 0.13673540965207634,
            "simil_concepts": []
        },
        "Russian gains in east only temporary - Zelensky": {
            "are_similar": false,
            "similarity_percentage": 0,