{
    "len_A": 6,
    "len_B": 7,
    "coupled_A": 0,
    "coupled_B": 0,
    "covered_A_percent": 46.15384615384615,
    "covered_B_percent": 53.84615384615385,
    "covered_both_percent": 0.0,
    "The climate, big forgotten of the presidential campaign": {
        "Ukraine war could last to end of next year - Johnson": {
            "are_similar": false,
            "similarity_percentage": 0,
            "polarity_X": 0.03333333333333333,
            "subjectivity_X": 0.1412698412698413,
            "polarity_Y": 0.0,
            "subjectivity_Y": 0.011111111111111112,
            "simil_concepts": []
        },
        "Attack kills scores during prayers at Afghan mosque": {
            "are_similar": false,
            "similarity_percentage": 0,
            "polarity_X": 0.03333333333333333,
            "subjectivity_X": 0.1412698412698413,
            "polarity_Y": 0.004019360269360269,
            "subjectivity_Y": 0.11795033670033671,
            "simil_concepts": []
        },
        "Images suggest mass graves dug near Mariupol": {
            "are_similar": false,
            "similarity_percentage": 0,
            "polarity_X": 0.03333333333333333,
            "subjectivity_X": 0.1412698412698413,
            "polarity_Y": 0.06299981380626542,
            "subjectivity_Y": 0.2396930130801099,
            "simil_concepts": []
        },
        "Russia 'seeks full control' of southern Ukraine": {
            "are_similar": false,
            "similarity_percentage": 0,
            "polarity_X": 0.03333333333333333,
            "subjectivity_X": 0.1412698412698413,
            "polarity_Y": 0.03906249999999999,
            "subjectivity_Y": 0.19937996031746033,
            "simil_concepts": []
        },
        "How has Moscow changed with war in Ukraine?": {
            "are_similar": false,
            "similarity_percentage": 0,
            "polarity_X": 0.03333333333333333,
            "subjectivity_X": 0.1412698412698413,
            "polarity_Y": 0.010962742504409166,
            "subjectivity_Y": 0.11849162257495595,
            "simil_concepts": []
        },
        "Mike Tyson punched passenger 'after bottle thrown'": {
            "are_similar": false,
            "similarity_percentage": 0,
            "polarity_X": 0.03333333333333333,
            "subjectivity_X": 0.1412698412698413,
            "polarity_Y": 0.04273504273504274,
            "subjectivity_Y": 0.17264957264957267,
            "simil_concepts": []
        },
        "Mariupol: 'We have wounded and dead inside the bunkers'": {
            "are_similar": false,
            "similarity_percentage": 0,
            "polarity_X": 0.03333333333333333,
            "subjectivity_X": 0.1412698412698413,
            "polarity_Y": -0.03516313932980601,
            "subjectivity_Y": 0.267989417989418,
            "simil_concepts": []
        }
    },
    "India: the challenge of access to drinking water for all": {
        "Ukraine war could last to end of next year - Johnson": {
            "are_similar": false,
            "similarity_percentage": 0,
            "polarity_X": -0.033333333333333326,
            "subjectivity_X": 0.30833333333333335,
            "polarity_Y": 0.0,
            "subjectivity_Y": 0.011111111111111112,
            "simil_concepts": []
        },
        "Attack kills scores during prayers at Afghan mosque": {
            "are_similar": false,
            "similarity_percentage": 22.799230295587048,
            "polarity_X": -0.033333333333333326,
            "subjectivity_X": 0.30833333333333335,
            "polarity_Y": 0.004019360269360269,
            "subjectivity_Y": 0.11795033670033671,
            "simil_concepts": []
        },
        "Images suggest mass graves dug near Mariupol": {
            "are_similar": false,
            "similarity_percentage": 24.134391956121963,
            "polarity_X": -0.033333333333333326,
            "subjectivity_X": 0.30833333333333335,
            "polarity_Y": 0.06299981380626542,
            "subjectivity_Y": 0.2396930130801099,
            "simil_concepts": []
        },
        "Russia 'seeks full control' of southern Ukraine": {
            "are_similar": false,
            "similarity_percentage": 28.572988244540436,
            "polarity_X": -0.033333333333333326,
            "subjectivity_X": 0.30833333333333335,
            "polarity_Y": 0.03906249999999999,
            "subjectivity_Y": 0.19937996031746033,
            "simil_concepts": []
        },
        "How has Moscow changed with war in Ukraine?": {
            "are_similar": false,
            "similarity_percentage": 31.507916546961834,
            "polarity_X": -0.033333333333333326,
            "subjectivity_X": 0.30833333333333335,
            "polarity_Y": 0.010962742504409166,
            "subjectivity_Y": 0.11849162257495595,
            "simil_concepts": []
        },
        "Mike Tyson punched passenger 'after bottle thrown'": {
            "are_similar": false,
            "similarity_percentage": 27.078522378235476,
            "polarity_X": -0.033333333333333326,
            "subjectivity_X": 0.30833333333333335,
            "polarity_Y": 0.04273504273504274,
            "subjectivity_Y": 0.17264957264957267,
            "simil_concepts": []
        },
        "Mariupol: 'We have wounded and dead inside the bunkers'": {
            "are_similar": false,
            "similarity_percentage": 19.71988931302048,
            "polarity_X": -0.033333333333333326,
            "subjectivity_X": 0.30833333333333335,
            "polarity_Y": -0.03516313932980601,
            "subjectivity_Y": 0.267989417989418,
            "simil_concepts": []
        }
    },
    "L'actu en dessin : le Giec Alert sur le climat ? So you have to \"suppress the Giec\"": {
        "Ukraine war could last to end of next year - Johnson": {
            "are_similar": false,
            "similarity_percentage": 0,
            "polarity_X": -0.17062413349178054,
            "subjectivity_X": 0.3246300540418187,
            "polarity_Y": 0.0,
            "subjectivity_Y": 0.011111111111111112,
            "simil_concepts": []
        },
        "Attack kills scores during prayers at Afghan mosque": {
            "are_similar": false,
            "similarity_percentage": 49.7710731339214,
            "polarity_X": -0.17062413349178054,
            "subjectivity_X": 0.3246300540418187,
            "polarity_Y": 0.004019360269360269,
            "subjectivity_Y": 0.11795033670033671,
            "simil_concepts": []
        },
        "Images suggest mass graves dug near Mariupol": {
            "are_similar": false,
            "similarity_percentage": 50.98066332495075,
            "polarity_X": -0.17062413349178054,
            "subjectivity_X": 0.3246300540418187,
            "polarity_Y": 0.06299981380626542,
            "subjectivity_Y": 0.2396930130801099,
            "simil_concepts": []
        },
        "Russia 'seeks full control' of southern Ukraine": {
            "are_similar": false,
            "similarity_percentage": 54.57755696059172,
            "polarity_X": -0.17062413349178054,
            "subjectivity_X": 0.3246300540418187,
            "polarity_Y": 0.03906249999999999,
            "subjectivity_Y": 0.19937996031746033,
            "simil_concepts": []
        },
        "How has Moscow changed with war in Ukraine?": {
            "are_similar": false,
            "similarity_percentage": 57.565992374022635,
            "polarity_X": -0.17062413349178054,
            "subjectivity_X": 0.3246300540418187,
            "polarity_Y": 0.010962742504409166,
            "subjectivity_Y": 0.11849162257495595,
            "simil_concepts": []
        },
        "Mike Tyson punched passenger 'after bottle thrown'": {
            "are_similar": false,
            "similarity_percentage": 54.878792996364034,
            "polarity_X": -0.17062413349178054,
            "subjectivity_X": 0.3246300540418187,