{
    "len_A": 7,
    "len_B": 6,
    "coupled_A": 0,
    "coupled_B": 0,
    "covered_A_percent": 53.84615384615385,
    "covered_B_percent": 46.15384615384615,
    "covered_both_percent": 0.0,
    "Weapons to Ukraine: The war doesn't stop because it \"must\"": {
        "Russian gains in east only temporary - Zelensky": {
            "are_similar": false,
            "similarity_percentage": 0,
            "polarity_X": -0.05937499999999999,
            "subjectivity_X": 0.24791666666666667,
            "polarity_Y": 0.0,
            "subjectivity_Y": 0.16666666666666666,
            "simil_concepts": []
        },
        "Honduran ex-leader flown to US on drug charges": {
            "are_similar": false,
            "similarity_percentage": 20.3255918567299,
            "polarity_X": -0.05937499999999999,
            "subjectivity_X": 0.24791666666666667,
            "polarity_Y": 0.0022937710437710424,
            "subjectivity_Y": 0.13673540965207634,
            "simil_concepts": []
        },
        "Images suggest mass graves dug near Mariupol": {
            "are_similar": false,
            "similarity_percentage": 21.831265006569687,
            "polarity_X": -0.05937499999999999,
            "subjectivity_X": 0.24791666666666667,
            "polarity_Y": 0.07786332714904144,
            "subjectivity_Y": 0.23801381158524015,
            "simil_concepts": []
        },
        "Johnny Depp and Amber Heard face off in court": {
            "are_similar": false,
            "similarity_percentage": 13.761239612153739,
            "polarity_X": -0.05937499999999999,
            "subjectivity_X": 0.24791666666666667,
            "polarity_Y": 0.03333333333333333,
            "subjectivity_Y": 0.11746031746031747,
            "simil_concepts": []
        },
        "Ukraine round-up: Putin backs off Mariupol storming": {
            "are_similar": false,
            "similarity_percentage": 24.874869415558663,
            "polarity_X": -0.05937499999999999,
            "subjectivity_X": 0.24791666666666667,
            "polarity_Y": -0.005658436213991774,
            "subjectivity_Y": 0.1036008230452675,
            "simil_concepts": []
        },
        "Mariupol: 'We have wounded and dead inside the bunkers'": {
            "are_similar": false,
            "similarity_percentage": 21.487810758930543,
            "polarity_X": -0.05937499999999999,
            "subjectivity_X": 0.24791666666666667,
            "polarity_Y": -0.025849917081260373,
            "subjectivity_Y": 0.2654228855721393,
            "simil_concepts": []
        }
    },
    "News: Vladimir Putin, Brunsbüttel, Christian Lindner, Mallorca affair": {
        "Russian gains in east only temporary - Zelensky": {
            "are_similar": false,
            "similarity_percentage": 0,
            "polarity_X": -0.1623465952037381,
            "subjectivity_X": 0.4926365697794269,
            "polarity_Y": 0.0,
            "subjectivity_Y": 0.16666666666666666,
            "simil_concepts": []
        },
        "Honduran ex-leader flown to US on drug charges": {
            "are_similar": false,
            "similarity_percentage": 72.28733551232109,
            "polarity_X": -0.1623465952037381,
            "subjectivity_X": 0.4926365697794269,
            "polarity_Y": 0.0022937710437710424,
            "subjectivity_Y": 0.13673540965207634,
            "simil_concepts": []
        },
        "Images suggest mass graves dug near Mariupol": {
            "are_similar": false,
            "similarity_percentage": 66.8005650488979,
            "polarity_X": -0.1623465952037381,
            "subjectivity_X": 0.4926365697794269,
            "polarity_Y": 0.07786332714904144,
            "subjectivity_Y": 0.23801381158524015,
            "simil_concepts": []
        },
        "Johnny Depp and Amber Heard face off in court": {
            "are_similar": false,
            "similarity_percentage": 36.744202882666606,
            "polarity_X": -0.1623465952037381,
            "subjectivity_X": 0.4926365697794269,
            "polarity_Y": 0.03333333333333333,
            "subjectivity_Y": 0.11746031746031747,
            "simil_concepts": []
        },
        "Ukraine round-up: Putin backs off Mariupol storming": {
            "are_similar": false,
            "similarity_percentage": 73.92796673443428,
            "polarity_X": -0.1623465952037381,
            "subjectivity_X": 0.4926365697794269,
            "polarity_Y": -0.005658436213991774,
            "subjectivity_Y": 0.1036008230452675,
            "simil_concepts": []
        },
        "Mariupol: 'We have wounded and dead inside the bunkers'": {
            "are_similar": false,
            "similarity_percentage": 73.3268210624599,
            "polarity_X": -0.1623465952037381,
            "subjectivity_X": 0.4926365697794269,
            "polarity_Y": -0.025849917081260373,
            "subjectivity_Y": 0.2654228855721393,
            "simil_concepts": []
        }
    },
    "Andreas Kalbitz: Berlin Regional Court confirms AfD exclusion": {
        "Russian gains in east only temporary - Zelensky": {
            "are_similar": false,
            "similarity_percentage": 0,
            "polarity_X": -0.04746031746031746,
            "subjectivity_X": 0.18714285714285714,
            "polarity_Y": 0.0,
            "subjectivity_Y": 0.16666666666666666,
            "simil_concepts": []
        },
        "Honduran ex-leader flown to US on drug charges": {
            "are_similar": false,
            "similarity_percentage": 60.67718825249442,
            "polarity_X": -0.04746031746031746,
            "subjectivity_X": 0.18714285714285714,
            "polarity_Y": 0.0022937710437710424,
            "subjectivity_Y": 0.13673540965207634,
            "simil_concepts": []
        },
        "Images suggest mass graves dug near Mariupol": {
            "are_similar": false,
            "similarity_percentage": 52.79988350411053,
            "polarity_X": -0.04746031746031746,
            "subjectivity_X": 0.18714285714285714,
            "polarity_Y": 0.07786332714904144,
            "subjectivity_Y": 0.23801381158524015,
            "simil_concepts": []
        },
        "Johnny Depp and Amber Heard face off in court": {
            "are_similar": false,
            "similarity_percentage": 30.197389266044805,
            "polarity_X": -0.04746031746031746,
            "subjectivity_X": 0.18714285714285714,
            "polarity_Y": 0.03333333333333333,
            "subjectivity_Y": 0.11746031746031747,
            "simil_concepts": []
        },
        "Ukraine round-up: Putin backs off Mariupol storming": {
            "are_similar": false,
            "similarity_percentage": 56.157104808965144,
            "polarity_X": -0.04746031746031746,
            "subjectivity_X": 0.18714285714285714,
            "polarity_Y": -0.005658436213991774,
            "subjectivity_Y": 0.1036008230452675,
            "simil_concepts": []
        },
        "Mariupol: 'We have wounded and dead inside the bunkers'": {
            "are_similar": false,
            "similarity_percentage": 48.72325261267175,
            "polarity_X": -0.04746031746031746,
            "subjectivity_X": 0.18714285714285714,
            "polarity_Y": -0.025849917081260373,
            "subjectivity_Y": 0.2654228855721393,
            "simil_concepts": []
        }
    },
    "Olaf Scholz and the Ukraine War: \"There must be no nuclear war\"": {
        "Russian gains in east only temporary - Zelensky": {
            "are_similar": false,
            "similarity_percentage": 0,
            "polarity_X": -0.06666666666666667,
            "subjectivity_X": 0.3222222222222222,
            "polarity_Y": 0.0,
            "subjectivity_Y": 0.16666666666666666,
            "simil_concepts": []
        },
        "Honduran ex-leader flown to US on drug charges": {
            "are_similar": false,
            "similarity_percentage": 24.378064564793256,