{
    "len_A": 11,
    "len_B": 4,
    "coupled_A": 0,
    "coupled_B": 0,
    "covered_A_percent": 73.33333333333333,
    "covered_B_percent": 26.666666666666668,
    "covered_both_percent": 0.0,
    "Ukraine War: Annalena Baerbock calls for stop of bombing Mariupols": {
        "Mariupol: 'We have wounded and dead inside the bunkers'": {
            "are_similar": false,
            "similarity_percentage": 63.45923202867956,
            "polarity_X": 0.01585568326947637,
            "subjectivity_X": 0.17782247765006387,
            "polarity_Y": -0.03131012506012507,
            "subjectivity_Y": 0.26626984126984127,
            "simil_concepts": []
        },
        "Have we seen peak Netflix?": {
            "are_similar": false,
            "similarity_percentage": 62.40457430862083,
            "polarity_X": 0.01585568326947637,
            "subjectivity_X": 0.17782247765006387,
            "polarity_Y": 0.0401860905978553,
            "subjectivity_Y": 0.1576695668166256,
            "simil_concepts": []
        },
        "Images suggest mass graves dug near Mariupol": {
            "are_similar": false,
            "similarity_percentage": 63.186445559937354,
            "polarity_X": 0.01585568326947637,
            "subjectivity_X": 0.17782247765006387,
            "polarity_Y": 0.06737331296154826,
            "subjectivity_Y": 0.23885175282234106,
            "simil_concepts": []
        },
        "Ukraine round-up: Putin backs off Mariupol storming": {
            "are_similar": false,
            "similarity_percentage": 67.0728517049524,
            "polarity_X": 0.01585568326947637,
            "subjectivity_X": 0.17782247765006387,
            "polarity_Y": -0.013334830787660982,
            "subjectivity_Y": 0.10411799940101829,
            "simil_concepts": []
        }
    },
    "The Ukraine War and the US nuclear weapons in Germany – curse or blessing?": {
        "Mariupol: 'We have wounded and dead inside the bunkers'": {
            "are_similar": false,
            "similarity_percentage": 50.528210560618014,
            "polarity_X": -0.003496168582375478,
            "subjectivity_X": 0.10793650793650794,
            "polarity_Y": -0.03131012506012507,
            "subjectivity_Y": 0.26626984126984127,
            "simil_concepts": []
        },
        "Have we seen peak Netflix?": {
            "are_similar": false,
            "similarity_percentage": 60.10720434873965,
            "polarity_X": -0.003496168582375478,
            "subjectivity_X": 0.10793650793650794,
            "polarity_Y": 0.0401860905978553,
            "subjectivity_Y": 0.1576695668166256,
            "simil_concepts": []
        },
        "Images suggest mass graves dug near Mariupol": {
            "are_similar": false,
            "similarity_percentage": 51.86815378113751,
            "polarity_X": -0.003496168582375478,
            "subjectivity_X": 0.10793650793650794,
            "polarity_Y": 0.06737331296154826,
            "subjectivity_Y": 0.23885175282234106,
            "simil_concepts": []
        },
        "Ukraine round-up: Putin backs off Mariupol storming": {
            "are_similar": false,
            "similarity_percentage": 56.754864781214756,
            "polarity_X": -0.003496168582375478,
            "subjectivity_X": 0.10793650793650794,
            "polarity_Y": -0.013334830787660982,
            "subjectivity_Y": 0.10411799940101829,
            "simil_concepts": []
        }
    },
    "Ex-Green Group Chief of the Government Critic: What's the matter with Anton Hofreiter?": {
        "Mariupol: 'We have wounded and dead inside the bunkers'": {
            "are_similar": false,
            "similarity_percentage": 23.88389532230703,
            "polarity_X": 0.18611111111111112,
            "subjectivity_X": 0.33888888888888885,
            "polarity_Y": -0.03131012506012507,
            "subjectivity_Y": 0.26626984126984127,
            "simil_concepts": []
        },
        "Have we seen peak Netflix?": {
            "are_similar": false,
            "similarity_percentage": 27.436889981819434,
            "polarity_X": 0.18611111111111112,
            "subjectivity_X": 0.33888888888888885,
            "polarity_Y": 0.0401860905978553,
            "subjectivity_Y": 0.1576695668166256,
            "simil_concepts": []
        },
        "Images suggest mass graves dug near Mariupol": {
            "are_similar": false,
            "similarity_percentage": 33.95468068792404,
            "polarity_X": 0.18611111111111112,
            "subjectivity_X": 0.33888888888888885,
            "polarity_Y": 0.06737331296154826,
            "subjectivity_Y": 0.23885175282234106,
            "simil_concepts": []
        },
        "Ukraine round-up: Putin backs off Mariupol storming": {
            "are_similar": false,
            "similarity_percentage": 26.626630286659946,
            "polarity_X": 0.18611111111111112,
            "subjectivity_X": 0.33888888888888885,
            "polarity_Y": -0.013334830787660982,
            "subjectivity_Y": 0.10411799940101829,
            "simil_concepts": []
        }
    },
    "News of the day: Ukraine War, Corona, World Economy": {
        "Mariupol: 'We have wounded and dead inside the bunkers'": {
            "are_similar": false,
            "similarity_percentage": 71.21166932625844,
            "polarity_X": 0.014690964182243254,
            "subjectivity_X": 0.3380791581372977,
            "polarity_Y": -0.03131012506012507,
            "subjectivity_Y": 0.26626984126984127,
            "simil_concepts": []
        },
        "Have we seen peak Netflix?": {
            "are_similar": false,
            "similarity_percentage": 76.38086453429355,
            "polarity_X": 0.014690964182243254,
            "subjectivity_X": 0.3380791581372977,
            "polarity_Y": 0.0401860905978553,
            "subjectivity_Y": 0.1576695668166256,
            "simil_concepts": []
        },
        "Images suggest mass graves dug near Mariupol": {
            "are_similar": false,
            "similarity_percentage": 71.16475119628245,
            "polarity_X": 0.014690964182243254,
            "subjectivity_X": 0.3380791581372977,
            "polarity_Y": 0.06737331296154826,
            "subjectivity_Y": 0.23885175282234106,
            "simil_concepts": []
        },
        "Ukraine round-up: Putin backs off Mariupol storming": {
            "are_similar": false,
            "similarity_percentage": 75.56050836025277,
            "polarity_X": 0.014690964182243254,
            "subjectivity_X": 0.3380791581372977,
            "polarity_Y": -0.013334830787660982,
            "subjectivity_Y": 0.10411799940101829,
            "simil_concepts": []
        }
    },
    "Ukraine War: Federal Government plans to trade with Slovenia for supply of heavy weapons": {
        "Mariupol: 'We have wounded and dead inside the bunkers'": {
            "are_similar": false,
            "similarity_percentage": 58.076784420471284,
            "polarity_X": -0.13111111111111112,
            "subjectivity_X": 0.48590693257359924,
            "polarity_Y": -0.03131012506012507,
            "subjectivity_Y": 0.26626984126984127,
            "simil_concepts": []
        },
        "Have we seen peak Netflix?": {
            "are_similar": false,
            "similarity_percentage": 58.04572758772516,
            "polarity_X": -0.13111111111111112,
            "subjectivity_X": 0.48590693257359924,
            "polarity_Y": 0.0401860905978553,
            "subjectivity_Y": 0.1576695668166256,
            "simil_concepts": []
        },
        "Images suggest mass graves dug near Mariupol": {
            "are_similar": false,
            "similarity_percentage": 54.59597722405529,
            "polarity_X": -0.13111111111111112,
            "subjectivity_X": 0.48590693257359924,
            "polarity_Y": 0.06737331296154826,
            "subjectivity_Y": 0.23885175282234106,